timestamp,channel_1,counter
"2024-10-11T10:04:28.615Z",8019,86
"2024-10-11T10:04:28.615Z",8039,87
"2024-10-11T10:04:28.615Z",8154,88
"2024-10-11T10:04:28.615Z",8715,89
"2024-10-11T10:04:28.615Z",7954,90
"2024-10-11T10:04:28.615Z",7627,91
"2024-10-11T10:04:28.615Z",8226,92
"2024-10-11T10:04:28.615Z",8319,93
"2024-10-11T10:04:28.615Z",8032,94
"2024-10-11T10:04:28.615Z",7687,95
"2024-10-11T10:04:28.615Z",8220,96
"2024-10-11T10:04:28.615Z",8573,97
"2024-10-11T10:04:28.615Z",8500,98
"2024-10-11T10:04:28.615Z",8395,99
"2024-10-11T10:04:28.615Z",7973,100
"2024-10-11T10:04:28.615Z",8112,101
"2024-10-11T10:04:28.615Z",8286,102
"2024-10-11T10:04:28.615Z",7905,103
"2024-10-11T10:04:28.615Z",7740,104
"2024-10-11T10:04:28.615Z",8346,105
"2024-10-11T10:04:28.615Z",8764,106
"2024-10-11T10:04:28.726Z",8103,107
"2024-10-11T10:04:28.726Z",7621,108
"2024-10-11T10:04:28.726Z",8020,109
"2024-10-11T10:04:28.726Z",8383,110
"2024-10-11T10:04:28.726Z",8217,111
"2024-10-11T10:04:28.726Z",7635,112
"2024-10-11T10:04:28.726Z",7909,113
"2024-10-11T10:04:28.726Z",8515,114
"2024-10-11T10:04:28.726Z",8318,115
"2024-10-11T10:04:28.726Z",7798,116
"2024-10-11T10:04:28.726Z",7996,117
"2024-10-11T10:04:28.726Z",8510,118
"2024-10-11T10:04:28.726Z",8112,119
"2024-10-11T10:04:28.726Z",7986,120
"2024-10-11T10:04:28.726Z",8334,121
"2024-10-11T10:04:28.726Z",8297,122
"2024-10-11T10:04:28.726Z",8219,123
"2024-10-11T10:04:28.726Z",8046,124
"2024-10-11T10:04:28.726Z",7965,125
"2024-10-11T10:04:28.726Z",8459,126
"2024-10-11T10:04:28.726Z",8333,127
"2024-10-11T10:04:28.726Z",8104,128
"2024-10-11T10:04:28.726Z",8133,129
"2024-10-11T10:04:28.726Z",8322,130
"2024-10-11T10:04:28.726Z",8275,131
"2024-10-11T10:04:28.726Z",8118,132
"2024-10-11T10:04:28.726Z",8048,133
"2024-10-11T10:04:28.726Z",8042,134
"2024-10-11T10:04:28.816Z",8272,135
"2024-10-11T10:04:28.816Z",7994,136
"2024-10-11T10:04:28.816Z",7695,137
"2024-10-11T10:04:28.816Z",7894,138
"2024-10-11T10:04:28.816Z",8241,139
"2024-10-11T10:04:28.816Z",8306,140
"2024-10-11T10:04:28.816Z",7699,141
"2024-10-11T10:04:28.816Z",7677,142
"2024-10-11T10:04:28.816Z",8396,143
"2024-10-11T10:04:28.816Z",8390,144
"2024-10-11T10:04:28.816Z",8150,145
"2024-10-11T10:04:28.816Z",8312,146
"2024-10-11T10:04:28.816Z",8504,147
"2024-10-11T10:04:28.816Z",8246,148
"2024-10-11T10:04:28.816Z",7825,149
"2024-10-11T10:04:28.816Z",8074,150
"2024-10-11T10:04:28.816Z",8314,151
"2024-10-11T10:04:28.816Z",8142,152
"2024-10-11T10:04:28.816Z",7710,153
"2024-10-11T10:04:28.816Z",7962,154
"2024-10-11T10:04:28.816Z",8405,155
"2024-10-11T10:04:28.816Z",8348,156
"2024-10-11T10:04:28.842Z",7849,157
"2024-10-11T10:04:28.842Z",7643,158
"2024-10-11T10:04:28.842Z",8179,159
"2024-10-11T10:04:28.842Z",8380,160
"2024-10-11T10:04:28.842Z",7879,161
"2024-10-11T10:04:28.842Z",7773,162
"2024-10-11T10:04:28.842Z",8101,163
"2024-10-11T10:04:28.894Z",8323,164
"2024-10-11T10:04:28.894Z",7881,165
"2024-10-11T10:04:28.894Z",7625,166
"2024-10-11T10:04:28.894Z",8291,167
"2024-10-11T10:04:28.894Z",8021,168
"2024-10-11T10:04:28.894Z",8168,169
"2024-10-11T10:04:28.894Z",7919,170
"2024-10-11T10:04:28.894Z",8268,171
"2024-10-11T10:04:28.894Z",8473,172
"2024-10-11T10:04:28.894Z",8193,173
"2024-10-11T10:04:28.894Z",7801,174
"2024-10-11T10:04:28.894Z",8201,175
"2024-10-11T10:04:28.966Z",8274,176
"2024-10-11T10:04:28.966Z",8432,177
"2024-10-11T10:04:28.966Z",7871,178
"2024-10-11T10:04:28.966Z",8052,179
"2024-10-11T10:04:28.966Z",8524,180
"2024-10-11T10:04:28.966Z",8586,181
"2024-10-11T10:04:28.966Z",8114,182
"2024-10-11T10:04:28.966Z",7911,183
"2024-10-11T10:04:28.966Z",8095,184
"2024-10-11T10:04:28.966Z",8790,185
"2024-10-11T10:04:28.966Z",8131,186
"2024-10-11T10:04:28.966Z",8008,187
"2024-10-11T10:04:28.966Z",8515,188
"2024-10-11T10:04:28.966Z",8662,189
"2024-10-11T10:04:28.966Z",8333,190
"2024-10-11T10:04:28.966Z",8198,191
"2024-10-11T10:04:28.966Z",8411,192
"2024-10-11T10:04:28.966Z",8432,193
"2024-10-11T10:04:28.966Z",8080,194
"2024-10-11T10:04:29.026Z",8217,195
"2024-10-11T10:04:29.026Z",8063,196
"2024-10-11T10:04:29.026Z",8241,197
"2024-10-11T10:04:29.026Z",8131,198
"2024-10-11T10:04:29.026Z",8160,199
"2024-10-11T10:04:29.026Z",7935,200
"2024-10-11T10:04:29.026Z",8758,201
"2024-10-11T10:04:29.026Z",8450,202
"2024-10-11T10:04:29.026Z",8034,203
"2024-10-11T10:04:29.026Z",8170,204
"2024-10-11T10:04:29.026Z",8560,205
"2024-10-11T10:04:29.026Z",8299,206
"2024-10-11T10:04:29.026Z",7935,207
"2024-10-11T10:04:29.026Z",8000,208
"2024-10-11T10:04:29.026Z",8314,209
"2024-10-11T10:04:29.046Z",8350,210
"2024-10-11T10:04:29.046Z",8198,211
"2024-10-11T10:04:29.046Z",8006,212
"2024-10-11T10:04:29.046Z",8262,213
"2024-10-11T10:04:29.046Z",8768,214
"2024-10-11T10:04:29.053Z",8573,215
"2024-10-11T10:04:29.066Z",8544,216
"2024-10-11T10:04:29.066Z",8233,217
"2024-10-11T10:04:29.066Z",8404,218
"2024-10-11T10:04:29.281Z",8149,219
"2024-10-11T10:04:29.281Z",7820,220
"2024-10-11T10:04:29.281Z",8067,221
"2024-10-11T10:04:29.281Z",8739,222
"2024-10-11T10:04:29.281Z",8373,223
"2024-10-11T10:04:29.281Z",8099,224
"2024-10-11T10:04:29.281Z",8194,225
"2024-10-11T10:04:29.281Z",8661,226
"2024-10-11T10:04:29.281Z",8397,227
"2024-10-11T10:04:29.281Z",7847,228
"2024-10-11T10:04:29.281Z",7817,229
"2024-10-11T10:04:29.281Z",8462,230
"2024-10-11T10:04:29.281Z",8416,231
"2024-10-11T10:04:29.281Z",7976,232
"2024-10-11T10:04:29.281Z",7974,233
"2024-10-11T10:04:29.281Z",7973,234
"2024-10-11T10:04:29.281Z",8467,235
"2024-10-11T10:04:29.281Z",7811,236
"2024-10-11T10:04:29.281Z",7412,237
"2024-10-11T10:04:29.281Z",8208,238
"2024-10-11T10:04:29.282Z",8603,239
"2024-10-11T10:04:29.282Z",7853,240
"2024-10-11T10:04:29.282Z",7412,241
"2024-10-11T10:04:29.282Z",7860,242
"2024-10-11T10:04:29.282Z",8128,243
"2024-10-11T10:04:29.282Z",7637,244
"2024-10-11T10:04:29.282Z",7533,245
"2024-10-11T10:04:29.282Z",7921,246
"2024-10-11T10:04:29.282Z",8016,247
"2024-10-11T10:04:29.282Z",7867,248
"2024-10-11T10:04:29.282Z",7136,249
"2024-10-11T10:04:29.282Z",7347,250
"2024-10-11T10:04:29.282Z",8153,251
"2024-10-11T10:04:29.282Z",8253,252
"2024-10-11T10:04:29.282Z",7692,253
"2024-10-11T10:04:29.282Z",7253,254
"2024-10-11T10:04:29.282Z",7637,255
"2024-10-11T10:04:29.282Z",7691,
"2024-10-11T10:04:29.282Z",7454,1
"2024-10-11T10:04:29.282Z",7633,2
"2024-10-11T10:04:29.282Z",7950,3
"2024-10-11T10:04:29.282Z",8023,4
"2024-10-11T10:04:29.282Z",7670,5
"2024-10-11T10:04:29.282Z",7353,6
"2024-10-11T10:04:29.282Z",7776,7
"2024-10-11T10:04:29.282Z",8099,8
"2024-10-11T10:04:29.282Z",7844,9
"2024-10-11T10:04:29.282Z",7338,10
"2024-10-11T10:04:29.282Z",7825,11
"2024-10-11T10:04:29.282Z",8281,12
"2024-10-11T10:04:29.282Z",7889,13
"2024-10-11T10:04:29.282Z",7549,14
"2024-10-11T10:04:29.282Z",7761,15
"2024-10-11T10:04:29.282Z",8020,16
"2024-10-11T10:04:29.358Z",8205,17
"2024-10-11T10:04:29.358Z",7481,18
"2024-10-11T10:04:29.358Z",7801,19
"2024-10-11T10:04:29.358Z",8178,20
"2024-10-11T10:04:29.358Z",8017,21
"2024-10-11T10:04:29.358Z",7903,22
"2024-10-11T10:04:29.358Z",7457,23
"2024-10-11T10:04:29.358Z",8023,24
"2024-10-11T10:04:29.358Z",8397,25
"2024-10-11T10:04:29.358Z",7956,26
"2024-10-11T10:04:29.358Z",7772,27
"2024-10-11T10:04:29.358Z",7943,28
"2024-10-11T10:04:29.358Z",8069,29
"2024-10-11T10:04:29.358Z",8004,30
"2024-10-11T10:04:29.358Z",7829,31
"2024-10-11T10:04:29.358Z",8100,32
"2024-10-11T10:04:29.358Z",8616,33
"2024-10-11T10:04:29.358Z",8038,34
"2024-10-11T10:04:29.358Z",7476,35
"2024-10-11T10:04:29.359Z",7685,36
"2024-10-11T10:04:29.450Z",8131,37
"2024-10-11T10:04:29.450Z",7816,38
"2024-10-11T10:04:29.450Z",7716,39
"2024-10-11T10:04:29.450Z",7705,40
"2024-10-11T10:04:29.450Z",8085,41
"2024-10-11T10:04:29.450Z",8185,42
"2024-10-11T10:04:29.450Z",7806,43
"2024-10-11T10:04:29.450Z",7799,44
"2024-10-11T10:04:29.450Z",8057,45
"2024-10-11T10:04:29.450Z",8147,46
"2024-10-11T10:04:29.450Z",7938,47
"2024-10-11T10:04:29.450Z",7670,48
"2024-10-11T10:04:29.450Z",8199,49
"2024-10-11T10:04:29.450Z",8431,50
"2024-10-11T10:04:29.450Z",7838,51
"2024-10-11T10:04:29.450Z",7829,52
"2024-10-11T10:04:29.450Z",8129,53
"2024-10-11T10:04:29.450Z",8206,54
"2024-10-11T10:04:29.450Z",7912,55
"2024-10-11T10:04:29.450Z",8162,56
"2024-10-11T10:04:29.450Z",8423,57
"2024-10-11T10:04:29.450Z",8369,58
"2024-10-11T10:04:29.450Z",7996,59
"2024-10-11T10:04:29.465Z",7991,60
"2024-10-11T10:04:29.465Z",8261,61
"2024-10-11T10:04:29.465Z",8534,62
"2024-10-11T10:04:29.530Z",8462,63
"2024-10-11T10:04:29.530Z",7854,64
"2024-10-11T10:04:29.530Z",8237,65
"2024-10-11T10:04:29.530Z",8390,66
"2024-10-11T10:04:29.530Z",8151,67
"2024-10-11T10:04:29.530Z",8005,68
"2024-10-11T10:04:29.530Z",8086,69
"2024-10-11T10:04:29.530Z",8355,70
"2024-10-11T10:04:29.530Z",8573,71
"2024-10-11T10:04:29.530Z",7505,72
"2024-10-11T10:04:29.530Z",7618,73
"2024-10-11T10:04:29.530Z",8172,74
"2024-10-11T10:04:29.530Z",8516,75
"2024-10-11T10:04:29.530Z",7882,76
"2024-10-11T10:04:29.530Z",7885,77
"2024-10-11T10:04:29.530Z",8222,78
"2024-10-11T10:04:29.530Z",7980,79
"2024-10-11T10:04:29.570Z",7812,80
"2024-10-11T10:04:29.570Z",7954,81
"2024-10-11T10:04:29.570Z",8063,82
"2024-10-11T10:04:29.570Z",8379,83
"2024-10-11T10:04:29.570Z",8214,84
"2024-10-11T10:04:29.570Z",7923,85
"2024-10-11T10:04:29.570Z",8039,86
"2024-10-11T10:04:29.570Z",8161,87
"2024-10-11T10:04:29.570Z",7921,88
"2024-10-11T10:04:29.615Z",7683,89
"2024-10-11T10:04:29.615Z",8065,90
"2024-10-11T10:04:29.615Z",8506,91
"2024-10-11T10:04:29.615Z",8385,92
"2024-10-11T10:04:29.615Z",8124,93
"2024-10-11T10:04:29.615Z",7945,94
"2024-10-11T10:04:29.615Z",8186,95
"2024-10-11T10:04:29.615Z",8540,96
"2024-10-11T10:04:29.615Z",7845,97
"2024-10-11T10:04:29.615Z",8048,98
"2024-10-11T10:04:29.615Z",8700,99
"2024-10-11T10:04:29.615Z",8512,100
"2024-10-11T10:04:29.726Z",7919,101
"2024-10-11T10:04:29.726Z",7650,102
"2024-10-11T10:04:29.726Z",8436,103
"2024-10-11T10:04:29.726Z",8538,104
"2024-10-11T10:04:29.726Z",8078,105
"2024-10-11T10:04:29.726Z",7840,106
"2024-10-11T10:04:29.726Z",7980,107
"2024-10-11T10:04:29.726Z",8744,108
"2024-10-11T10:04:29.726Z",8281,109
"2024-10-11T10:04:29.726Z",7665,110
"2024-10-11T10:04:29.726Z",8136,111
"2024-10-11T10:04:29.726Z",8835,112
"2024-10-11T10:04:29.726Z",8453,113
"2024-10-11T10:04:29.726Z",7740,114
"2024-10-11T10:04:29.726Z",8078,115
"2024-10-11T10:04:29.726Z",8417,116
"2024-10-11T10:04:29.726Z",8239,117
"2024-10-11T10:04:29.726Z",7821,118
"2024-10-11T10:04:29.726Z",8012,119
"2024-10-11T10:04:29.726Z",8346,120
"2024-10-11T10:04:29.726Z",8594,121
"2024-10-11T10:04:29.726Z",7935,122
"2024-10-11T10:04:29.726Z",7931,123
"2024-10-11T10:04:29.726Z",8635,124
"2024-10-11T10:04:29.726Z",8551,125
"2024-10-11T10:04:29.727Z",8143,126
"2024-10-11T10:04:29.727Z",7977,127
"2024-10-11T10:04:29.727Z",8426,128
"2024-10-11T10:04:29.816Z",8542,129
"2024-10-11T10:04:29.816Z",8060,130
"2024-10-11T10:04:29.816Z",7963,131
"2024-10-11T10:04:29.816Z",8575,132
"2024-10-11T10:04:29.816Z",8099,133
"2024-10-11T10:04:29.816Z",7862,134
"2024-10-11T10:04:29.816Z",7436,135
"2024-10-11T10:04:29.816Z",7896,136
"2024-10-11T10:04:29.816Z",8051,137
"2024-10-11T10:04:29.816Z",7886,138
"2024-10-11T10:04:29.816Z",7583,139
"2024-10-11T10:04:29.816Z",7991,140
"2024-10-11T10:04:29.816Z",8630,141
"2024-10-11T10:04:29.816Z",7763,142
"2024-10-11T10:04:29.816Z",7198,143
"2024-10-11T10:04:29.816Z",7766,144
"2024-10-11T10:04:29.816Z",8118,145
"2024-10-11T10:04:29.816Z",8270,146
"2024-10-11T10:04:29.816Z",8044,147
"2024-10-11T10:04:29.816Z",7627,148
"2024-10-11T10:04:29.816Z",8270,149
"2024-10-11T10:04:29.816Z",7743,150
"2024-10-11T10:04:29.841Z",7650,151
"2024-10-11T10:04:29.841Z",7406,152
"2024-10-11T10:04:29.841Z",7941,153
"2024-10-11T10:04:29.841Z",8298,154
"2024-10-11T10:04:29.841Z",8209,155
"2024-10-11T10:04:29.841Z",7722,156
"2024-10-11T10:04:29.843Z",7903,157
"2024-10-11T10:04:29.894Z",8078,158
"2024-10-11T10:04:29.894Z",7706,159
"2024-10-11T10:04:29.894Z",7628,160
"2024-10-11T10:04:29.894Z",8047,161
"2024-10-11T10:04:29.894Z",8253,162
"2024-10-11T10:04:29.894Z",7997,163
"2024-10-11T10:04:29.894Z",7527,164
"2024-10-11T10:04:29.894Z",7895,165
"2024-10-11T10:04:29.894Z",8317,166
"2024-10-11T10:04:29.894Z",8439,167
"2024-10-11T10:04:29.894Z",8206,168
"2024-10-11T10:04:29.894Z",7771,169
"2024-10-11T10:04:29.894Z",8077,170
"2024-10-11T10:04:29.964Z",8204,171
"2024-10-11T10:04:29.964Z",7683,172
"2024-10-11T10:04:29.964Z",7947,173
"2024-10-11T10:04:29.964Z",8273,174
"2024-10-11T10:04:29.964Z",8525,175
"2024-10-11T10:04:29.964Z",8225,176
"2024-10-11T10:04:29.964Z",7886,177
"2024-10-11T10:04:29.964Z",8060,178
"2024-10-11T10:04:29.964Z",8271,179
"2024-10-11T10:04:29.964Z",8066,180
"2024-10-11T10:04:29.964Z",7646,181
"2024-10-11T10:04:29.964Z",8141,182
"2024-10-11T10:04:29.964Z",8398,183
"2024-10-11T10:04:29.964Z",8285,184
"2024-10-11T10:04:29.964Z",7706,185
"2024-10-11T10:04:29.964Z",7793,186
"2024-10-11T10:04:29.964Z",8326,187
"2024-10-11T10:04:30.025Z",8118,188
"2024-10-11T10:04:30.025Z",7822,189
"2024-10-11T10:04:30.025Z",7850,190
"2024-10-11T10:04:30.025Z",8727,191
"2024-10-11T10:04:30.025Z",8623,192
"2024-10-11T10:04:30.025Z",7516,193
"2024-10-11T10:04:30.025Z",7764,194
"2024-10-11T10:04:30.025Z",8283,195
"2024-10-11T10:04:30.025Z",8239,196
"2024-10-11T10:04:30.025Z",8057,197
"2024-10-11T10:04:30.025Z",8112,198
"2024-10-11T10:04:30.025Z",8362,199
"2024-10-11T10:04:30.025Z",8470,200
"2024-10-11T10:04:30.025Z",8238,201
"2024-10-11T10:04:30.025Z",7852,202
"2024-10-11T10:04:30.046Z",8056,203
"2024-10-11T10:04:30.046Z",8352,204
"2024-10-11T10:04:30.046Z",8220,205
"2024-10-11T10:04:30.046Z",7941,206
"2024-10-11T10:04:30.046Z",8185,207
"2024-10-11T10:04:30.046Z",8334,208
"2024-10-11T10:04:30.054Z",7977,209
"2024-10-11T10:04:30.054Z",7879,210
"2024-10-11T10:04:30.066Z",8315,211
"2024-10-11T10:04:30.066Z",8506,212
"2024-10-11T10:04:30.066Z",8299,213
"2024-10-11T10:04:30.279Z",7728,214
"2024-10-11T10:04:30.279Z",8308,215
"2024-10-11T10:04:30.279Z",8404,216
"2024-10-11T10:04:30.279Z",8507,217
"2024-10-11T10:04:30.279Z",8139,218
"2024-10-11T10:04:30.279Z",8277,219
"2024-10-11T10:04:30.279Z",8528,220
"2024-10-11T10:04:30.279Z",8348,221
"2024-10-11T10:04:30.280Z",7894,222
"2024-10-11T10:04:30.280Z",7981,223
"2024-10-11T10:04:30.280Z",8102,224
"2024-10-11T10:04:30.280Z",8386,225
"2024-10-11T10:04:30.280Z",8237,226
"2024-10-11T10:04:30.280Z",8240,227
"2024-10-11T10:04:30.280Z",8222,228
"2024-10-11T10:04:30.280Z",8458,229
"2024-10-11T10:04:30.280Z",8373,230
"2024-10-11T10:04:30.280Z",7882,231
"2024-10-11T10:04:30.280Z",7805,232
"2024-10-11T10:04:30.280Z",8426,233
"2024-10-11T10:04:30.280Z",7778,234
"2024-10-11T10:04:30.280Z",7911,235
"2024-10-11T10:04:30.280Z",8280,236
"2024-10-11T10:04:30.280Z",8407,237
"2024-10-11T10:04:30.280Z",7955,238
"2024-10-11T10:04:30.280Z",7878,239
"2024-10-11T10:04:30.280Z",7901,240
"2024-10-11T10:04:30.280Z",7990,241
"2024-10-11T10:04:30.280Z",7791,242
"2024-10-11T10:04:30.280Z",7804,243
"2024-10-11T10:04:30.280Z",8054,244
"2024-10-11T10:04:30.280Z",8597,245
"2024-10-11T10:04:30.280Z",8424,246
"2024-10-11T10:04:30.280Z",7943,247
"2024-10-11T10:04:30.280Z",8140,248
"2024-10-11T10:04:30.280Z",8036,249
"2024-10-11T10:04:30.280Z",8267,250
"2024-10-11T10:04:30.280Z",8064,251
"2024-10-11T10:04:30.280Z",7941,252
"2024-10-11T10:04:30.280Z",8463,253
"2024-10-11T10:04:30.280Z",8441,254
"2024-10-11T10:04:30.280Z",7886,255
"2024-10-11T10:04:30.280Z",7635,
"2024-10-11T10:04:30.280Z",8074,1
"2024-10-11T10:04:30.280Z",8353,2
"2024-10-11T10:04:30.280Z",7957,3
"2024-10-11T10:04:30.280Z",8048,4
"2024-10-11T10:04:30.280Z",8291,5
"2024-10-11T10:04:30.280Z",8278,6
"2024-10-11T10:04:30.280Z",8249,7
"2024-10-11T10:04:30.280Z",7972,8
"2024-10-11T10:04:30.280Z",8150,9
"2024-10-11T10:04:30.280Z",8480,10
"2024-10-11T10:04:30.358Z",8346,11
"2024-10-11T10:04:30.358Z",8003,12
"2024-10-11T10:04:30.358Z",8193,13
"2024-10-11T10:04:30.358Z",8059,14
"2024-10-11T10:04:30.358Z",8547,15
"2024-10-11T10:04:30.358Z",8058,16
"2024-10-11T10:04:30.358Z",8081,17
"2024-10-11T10:04:30.358Z",8526,18
"2024-10-11T10:04:30.358Z",8317,19
"2024-10-11T10:04:30.358Z",7958,20
"2024-10-11T10:04:30.358Z",8088,21
"2024-10-11T10:04:30.358Z",8277,22
"2024-10-11T10:04:30.358Z",8389,23
"2024-10-11T10:04:30.358Z",8194,24
"2024-10-11T10:04:30.358Z",7918,25
"2024-10-11T10:04:30.358Z",8010,26
"2024-10-11T10:04:30.358Z",8501,27
"2024-10-11T10:04:30.358Z",8287,28
"2024-10-11T10:04:30.358Z",8128,29
"2024-10-11T10:04:30.358Z",8146,30
"2024-10-11T10:04:30.449Z",8372,31
"2024-10-11T10:04:30.449Z",8418,32
"2024-10-11T10:04:30.449Z",7701,33
"2024-10-11T10:04:30.449Z",7822,34
"2024-10-11T10:04:30.449Z",8589,35
"2024-10-11T10:04:30.449Z",8247,36
"2024-10-11T10:04:30.449Z",7863,37
"2024-10-11T10:04:30.449Z",7914,38
"2024-10-11T10:04:30.449Z",8315,39
"2024-10-11T10:04:30.449Z",8388,40
"2024-10-11T10:04:30.449Z",7637,41
"2024-10-11T10:04:30.449Z",7994,42
"2024-10-11T10:04:30.449Z",8506,43
"2024-10-11T10:04:30.449Z",8329,44
"2024-10-11T10:04:30.449Z",7907,45
"2024-10-11T10:04:30.449Z",7862,46
"2024-10-11T10:04:30.449Z",8398,47
"2024-10-11T10:04:30.449Z",8576,48
"2024-10-11T10:04:30.449Z",7954,49
"2024-10-11T10:04:30.449Z",7491,50
"2024-10-11T10:04:30.449Z",8180,51
"2024-10-11T10:04:30.449Z",8479,52
"2024-10-11T10:04:30.466Z",8080,53
"2024-10-11T10:04:30.466Z",7822,54
"2024-10-11T10:04:30.466Z",8161,55
"2024-10-11T10:04:30.466Z",8309,56
"2024-10-11T10:04:30.466Z",8187,57
"2024-10-11T10:04:30.530Z",7906,58
"2024-10-11T10:04:30.530Z",8143,59
"2024-10-11T10:04:30.530Z",8425,60
"2024-10-11T10:04:30.530Z",8235,61
"2024-10-11T10:04:30.530Z",8187,62
"2024-10-11T10:04:30.530Z",7932,63
"2024-10-11T10:04:30.530Z",8144,64
"2024-10-11T10:04:30.530Z",8551,65
"2024-10-11T10:04:30.530Z",7922,66
"2024-10-11T10:04:30.530Z",8023,67
"2024-10-11T10:04:30.530Z",8568,68
"2024-10-11T10:04:30.530Z",8457,69
"2024-10-11T10:04:30.530Z",7906,70
"2024-10-11T10:04:30.530Z",7937,71
"2024-10-11T10:04:30.530Z",8400,72
"2024-10-11T10:04:30.530Z",8699,73
"2024-10-11T10:04:30.570Z",8150,74
"2024-10-11T10:04:30.570Z",8145,75
"2024-10-11T10:04:30.570Z",8045,76
"2024-10-11T10:04:30.570Z",8348,77
"2024-10-11T10:04:30.570Z",7921,78
"2024-10-11T10:04:30.570Z",7826,79
"2024-10-11T10:04:30.570Z",7887,80
"2024-10-11T10:04:30.570Z",8456,81
"2024-10-11T10:04:30.570Z",8448,82
"2024-10-11T10:04:30.615Z",7862,83
"2024-10-11T10:04:30.615Z",8144,84
"2024-10-11T10:04:30.615Z",8333,85
"2024-10-11T10:04:30.615Z",8147,86
"2024-10-11T10:04:30.615Z",7856,87
"2024-10-11T10:04:30.615Z",8055,88
"2024-10-11T10:04:30.615Z",8258,89
"2024-10-11T10:04:30.615Z",8284,90
"2024-10-11T10:04:30.615Z",8189,91
"2024-10-11T10:04:30.615Z",7942,92
"2024-10-11T10:04:30.615Z",8098,93
"2024-10-11T10:04:30.615Z",8511,94
"2024-10-11T10:04:30.726Z",8328,95
"2024-10-11T10:04:30.726Z",7916,96
"2024-10-11T10:04:30.726Z",7929,97
"2024-10-11T10:04:30.726Z",8124,98
"2024-10-11T10:04:30.726Z",8116,99
"2024-10-11T10:04:30.726Z",7784,100
"2024-10-11T10:04:30.726Z",8267,101
"2024-10-11T10:04:30.726Z",8491,102
"2024-10-11T10:04:30.726Z",8145,103
"2024-10-11T10:04:30.726Z",8105,104
"2024-10-11T10:04:30.726Z",7986,105
"2024-10-11T10:04:30.726Z",8269,106
"2024-10-11T10:04:30.726Z",8314,107
"2024-10-11T10:04:30.726Z",7905,108
"2024-10-11T10:04:30.726Z",7839,109
"2024-10-11T10:04:30.726Z",8155,110
"2024-10-11T10:04:30.726Z",8210,111
"2024-10-11T10:04:30.726Z",8143,112
"2024-10-11T10:04:30.726Z",8028,113
"2024-10-11T10:04:30.726Z",8450,114
"2024-10-11T10:04:30.726Z",8098,115
"2024-10-11T10:04:30.726Z",7862,116
"2024-10-11T10:04:30.726Z",7915,117
"2024-10-11T10:04:30.726Z",8488,118
"2024-10-11T10:04:30.726Z",8698,119
"2024-10-11T10:04:30.726Z",8142,120
"2024-10-11T10:04:30.726Z",7874,121
"2024-10-11T10:04:30.818Z",8382,122
"2024-10-11T10:04:30.818Z",8301,123
"2024-10-11T10:04:30.818Z",8183,124
"2024-10-11T10:04:30.818Z",7703,125
"2024-10-11T10:04:30.818Z",7996,126
"2024-10-11T10:04:30.818Z",8434,127
"2024-10-11T10:04:30.818Z",8263,128
"2024-10-11T10:04:30.818Z",7798,129
"2024-10-11T10:04:30.818Z",8207,130
"2024-10-11T10:04:30.818Z",8728,131
"2024-10-11T10:04:30.818Z",8481,132
"2024-10-11T10:04:30.818Z",7691,133
"2024-10-11T10:04:30.818Z",8131,134
"2024-10-11T10:04:30.818Z",8228,135
"2024-10-11T10:04:30.818Z",8127,136
"2024-10-11T10:04:30.818Z",7986,137
"2024-10-11T10:04:30.818Z",7933,138
"2024-10-11T10:04:30.818Z",8206,139
"2024-10-11T10:04:30.818Z",8752,140
"2024-10-11T10:04:30.818Z",8144,141
"2024-10-11T10:04:30.818Z",7778,142
"2024-10-11T10:04:30.818Z",8343,143
"2024-10-11T10:04:30.818Z",9072,144
"2024-10-11T10:04:30.842Z",8028,145
"2024-10-11T10:04:30.842Z",7597,146
"2024-10-11T10:04:30.842Z",8095,147
"2024-10-11T10:04:30.842Z",8640,148
"2024-10-11T10:04:30.842Z",8363,149
"2024-10-11T10:04:30.842Z",8243,150
"2024-10-11T10:04:30.843Z",8345,151
"2024-10-11T10:04:30.894Z",8419,152
"2024-10-11T10:04:30.894Z",7905,153
"2024-10-11T10:04:30.894Z",7869,154
"2024-10-11T10:04:30.894Z",8005,155
"2024-10-11T10:04:30.894Z",8204,156
"2024-10-11T10:04:30.894Z",8281,157
"2024-10-11T10:04:30.894Z",7958,158
"2024-10-11T10:04:30.894Z",8216,159
"2024-10-11T10:04:30.894Z",8467,160
"2024-10-11T10:04:30.894Z",8367,161
"2024-10-11T10:04:30.894Z",8174,162
"2024-10-11T10:04:30.894Z",7906,163
"2024-10-11T10:04:30.894Z",8271,164
"2024-10-11T10:04:30.965Z",8386,165
"2024-10-11T10:04:30.965Z",8420,166
"2024-10-11T10:04:30.965Z",8120,167
"2024-10-11T10:04:30.965Z",8155,168
"2024-10-11T10:04:30.965Z",8387,169
"2024-10-11T10:04:30.965Z",7921,170
"2024-10-11T10:04:30.965Z",8012,171
"2024-10-11T10:04:30.965Z",8325,172
"2024-10-11T10:04:30.965Z",8723,173
"2024-10-11T10:04:30.965Z",8278,174
"2024-10-11T10:04:30.965Z",7682,175
"2024-10-11T10:04:30.965Z",8122,176
"2024-10-11T10:04:30.965Z",8604,177
"2024-10-11T10:04:30.965Z",8458,178
"2024-10-11T10:04:30.965Z",8058,179
"2024-10-11T10:04:30.965Z",8154,180
"2024-10-11T10:04:30.965Z",8409,181
"2024-10-11T10:04:31.026Z",8249,182
"2024-10-11T10:04:31.026Z",7862,183
"2024-10-11T10:04:31.026Z",8095,184
"2024-10-11T10:04:31.026Z",8662,185
"2024-10-11T10:04:31.026Z",8600,186
"2024-10-11T10:04:31.026Z",8098,187
"2024-10-11T10:04:31.026Z",8020,188
"2024-10-11T10:04:31.026Z",8293,189
"2024-10-11T10:04:31.026Z",8487,190
"2024-10-11T10:04:31.026Z",8235,191
"2024-10-11T10:04:31.026Z",8162,192
"2024-10-11T10:04:31.026Z",8295,193
"2024-10-11T10:04:31.026Z",8515,194
"2024-10-11T10:04:31.026Z",8379,195
"2024-10-11T10:04:31.026Z",8054,196
"2024-10-11T10:04:31.026Z",8223,197
"2024-10-11T10:04:31.046Z",8508,198
"2024-10-11T10:04:31.046Z",8108,199
"2024-10-11T10:04:31.046Z",7844,200
"2024-10-11T10:04:31.046Z",8018,201
"2024-10-11T10:04:31.046Z",8675,202
"2024-10-11T10:04:31.053Z",8415,203
"2024-10-11T10:04:31.066Z",7848,204
"2024-10-11T10:04:31.066Z",8153,205
"2024-10-11T10:04:31.066Z",8235,206
"2024-10-11T10:04:31.066Z",8088,207
"2024-10-11T10:04:31.282Z",7527,208
"2024-10-11T10:04:31.282Z",7982,209
"2024-10-11T10:04:31.282Z",8379,210
"2024-10-11T10:04:31.282Z",8286,211
"2024-10-11T10:04:31.282Z",8274,212
"2024-10-11T10:04:31.282Z",7880,213
"2024-10-11T10:04:31.282Z",7961,214
"2024-10-11T10:04:31.282Z",8199,215
"2024-10-11T10:04:31.282Z",7697,216
"2024-10-11T10:04:31.282Z",7644,217
"2024-10-11T10:04:31.282Z",8172,218
"2024-10-11T10:04:31.282Z",8424,219
"2024-10-11T10:04:31.282Z",8126,220
"2024-10-11T10:04:31.282Z",8125,221
"2024-10-11T10:04:31.282Z",7964,222
"2024-10-11T10:04:31.282Z",8134,223
"2024-10-11T10:04:31.282Z",8131,224
"2024-10-11T10:04:31.282Z",7673,225
"2024-10-11T10:04:31.282Z",8212,226
"2024-10-11T10:04:31.282Z",8470,227
"2024-10-11T10:04:31.282Z",8282,228
"2024-10-11T10:04:31.282Z",7849,229
"2024-10-11T10:04:31.282Z",8191,230
"2024-10-11T10:04:31.282Z",8385,231
"2024-10-11T10:04:31.282Z",8065,232
"2024-10-11T10:04:31.282Z",7553,233
"2024-10-11T10:04:31.282Z",7713,234
"2024-10-11T10:04:31.282Z",8344,235
"2024-10-11T10:04:31.282Z",8279,236
"2024-10-11T10:04:31.282Z",7821,237
"2024-10-11T10:04:31.282Z",8057,238
"2024-10-11T10:04:31.283Z",8311,239
"2024-10-11T10:04:31.283Z",8608,240
"2024-10-11T10:04:31.283Z",8010,241
"2024-10-11T10:04:31.283Z",7816,242
"2024-10-11T10:04:31.283Z",8148,243
"2024-10-11T10:04:31.283Z",8337,244
"2024-10-11T10:04:31.283Z",8013,245
"2024-10-11T10:04:31.283Z",7764,246
"2024-10-11T10:04:31.283Z",8077,247
"2024-10-11T10:04:31.283Z",8478,248
"2024-10-11T10:04:31.283Z",8150,249
"2024-10-11T10:04:31.283Z",7855,250
"2024-10-11T10:04:31.283Z",8055,251
"2024-10-11T10:04:31.283Z",8500,252
"2024-10-11T10:04:31.283Z",8093,253
"2024-10-11T10:04:31.283Z",7705,254
"2024-10-11T10:04:31.283Z",7913,255
"2024-10-11T10:04:31.283Z",8266,
"2024-10-11T10:04:31.283Z",8369,1
"2024-10-11T10:04:31.283Z",7905,2
"2024-10-11T10:04:31.283Z",8285,3
"2024-10-11T10:04:31.283Z",8898,4
"2024-10-11T10:04:31.283Z",8366,5
"2024-10-11T10:04:31.358Z",7820,6
"2024-10-11T10:04:31.358Z",7710,7
"2024-10-11T10:04:31.358Z",8078,8
"2024-10-11T10:04:31.358Z",8407,9
"2024-10-11T10:04:31.358Z",8332,10
"2024-10-11T10:04:31.358Z",8108,11
"2024-10-11T10:04:31.358Z",8278,12
"2024-10-11T10:04:31.358Z",8385,13
"2024-10-11T10:04:31.358Z",8370,14
"2024-10-11T10:04:31.358Z",8208,15
"2024-10-11T10:04:31.358Z",8309,16
"2024-10-11T10:04:31.358Z",8440,17
"2024-10-11T10:04:31.358Z",8343,18
"2024-10-11T10:04:31.358Z",8204,19
"2024-10-11T10:04:31.358Z",8348,20
"2024-10-11T10:04:31.358Z",8543,21
"2024-10-11T10:04:31.358Z",8323,22
"2024-10-11T10:04:31.358Z",7955,23
"2024-10-11T10:04:31.358Z",8022,24
"2024-10-11T10:04:31.450Z",8641,25
"2024-10-11T10:04:31.450Z",8925,26
"2024-10-11T10:04:31.450Z",8110,27
"2024-10-11T10:04:31.450Z",8253,28
"2024-10-11T10:04:31.450Z",8651,29
"2024-10-11T10:04:31.450Z",8294,30
"2024-10-11T10:04:31.450Z",8011,31
"2024-10-11T10:04:31.450Z",8254,32
"2024-10-11T10:04:31.450Z",8449,33
"2024-10-11T10:04:31.450Z",8368,34
"2024-10-11T10:04:31.450Z",8237,35
"2024-10-11T10:04:31.450Z",8196,36
"2024-10-11T10:04:31.450Z",8521,37
"2024-10-11T10:04:31.450Z",8535,38
"2024-10-11T10:04:31.450Z",8046,39
"2024-10-11T10:04:31.450Z",7818,40
"2024-10-11T10:04:31.450Z",8246,41
"2024-10-11T10:04:31.450Z",8509,42
"2024-10-11T10:04:31.450Z",8321,43
"2024-10-11T10:04:31.450Z",7947,44
"2024-10-11T10:04:31.450Z",8281,45
"2024-10-11T10:04:31.450Z",8658,46
"2024-10-11T10:04:31.466Z",8121,47
"2024-10-11T10:04:31.466Z",7763,48
"2024-10-11T10:04:31.466Z",7893,49
"2024-10-11T10:04:31.466Z",8272,50
"2024-10-11T10:04:31.466Z",8520,51
"2024-10-11T10:04:31.530Z",8299,52
"2024-10-11T10:04:31.530Z",8285,53
"2024-10-11T10:04:31.530Z",8357,54
"2024-10-11T10:04:31.530Z",8368,55
"2024-10-11T10:04:31.530Z",8350,56
"2024-10-11T10:04:31.530Z",7994,57
"2024-10-11T10:04:31.530Z",8323,58
"2024-10-11T10:04:31.530Z",8429,59
"2024-10-11T10:04:31.530Z",8109,60
"2024-10-11T10:04:31.530Z",8290,61
"2024-10-11T10:04:31.530Z",8273,62
"2024-10-11T10:04:31.530Z",8398,63
"2024-10-11T10:04:31.530Z",8056,64
"2024-10-11T10:04:31.530Z",8163,65
"2024-10-11T10:04:31.530Z",8404,66
"2024-10-11T10:04:31.530Z",8505,67
"2024-10-11T10:04:31.570Z",8493,68
"2024-10-11T10:04:31.570Z",8194,69
"2024-10-11T10:04:31.570Z",8410,70
"2024-10-11T10:04:31.570Z",8837,71
"2024-10-11T10:04:31.570Z",8543,72
"2024-10-11T10:04:31.570Z",7933,73
"2024-10-11T10:04:31.570Z",8282,74
"2024-10-11T10:04:31.570Z",8553,75
"2024-10-11T10:04:31.570Z",8716,76
"2024-10-11T10:04:31.615Z",8134,77
"2024-10-11T10:04:31.615Z",8005,78
"2024-10-11T10:04:31.615Z",8391,79
"2024-10-11T10:04:31.615Z",8364,80
"2024-10-11T10:04:31.615Z",8514,81
"2024-10-11T10:04:31.615Z",8064,82
"2024-10-11T10:04:31.615Z",8144,83
"2024-10-11T10:04:31.615Z",8442,84
"2024-10-11T10:04:31.615Z",8338,85
"2024-10-11T10:04:31.615Z",7882,86
"2024-10-11T10:04:31.615Z",8285,87
"2024-10-11T10:04:31.615Z",8371,88
"2024-10-11T10:04:31.726Z",7978,89
"2024-10-11T10:04:31.726Z",7845,90
"2024-10-11T10:04:31.726Z",8793,91
"2024-10-11T10:04:31.726Z",8845,92
"2024-10-11T10:04:31.726Z",8278,93
"2024-10-11T10:04:31.726Z",7821,94
"2024-10-11T10:04:31.726Z",7981,95
"2024-10-11T10:04:31.726Z",8388,96
"2024-10-11T10:04:31.726Z",8289,97
"2024-10-11T10:04:31.726Z",8065,98
"2024-10-11T10:04:31.726Z",7957,99
"2024-10-11T10:04:31.726Z",8474,100
"2024-10-11T10:04:31.726Z",8296,101
"2024-10-11T10:04:31.726Z",8173,102
"2024-10-11T10:04:31.726Z",8294,103
"2024-10-11T10:04:31.726Z",8614,104
"2024-10-11T10:04:31.726Z",8096,105
"2024-10-11T10:04:31.726Z",8052,106
"2024-10-11T10:04:31.726Z",8070,107
"2024-10-11T10:04:31.726Z",8265,108
"2024-10-11T10:04:31.726Z",9028,109
"2024-10-11T10:04:31.726Z",8057,110
"2024-10-11T10:04:31.726Z",7779,111
"2024-10-11T10:04:31.726Z",8400,112
"2024-10-11T10:04:31.726Z",8548,113
"2024-10-11T10:04:31.726Z",8099,114
"2024-10-11T10:04:31.726Z",7969,115
"2024-10-11T10:04:31.726Z",8149,116
"2024-10-11T10:04:31.816Z",8455,117
"2024-10-11T10:04:31.816Z",8109,118
"2024-10-11T10:04:31.816Z",7983,119
"2024-10-11T10:04:31.816Z",8497,120
"2024-10-11T10:04:31.816Z",8450,121
"2024-10-11T10:04:31.816Z",7991,122
"2024-10-11T10:04:31.816Z",8045,123
"2024-10-11T10:04:31.816Z",8239,124
"2024-10-11T10:04:31.816Z",8722,125
"2024-10-11T10:04:31.816Z",8452,126
"2024-10-11T10:04:31.816Z",8126,127
"2024-10-11T10:04:31.816Z",7972,128
"2024-10-11T10:04:31.816Z",8537,129
"2024-10-11T10:04:31.816Z",8356,130
"2024-10-11T10:04:31.816Z",7891,131
"2024-10-11T10:04:31.816Z",8086,132
"2024-10-11T10:04:31.816Z",8569,133
"2024-10-11T10:04:31.816Z",8720,134
"2024-10-11T10:04:31.816Z",8350,135
"2024-10-11T10:04:31.816Z",8221,136
"2024-10-11T10:04:31.816Z",8595,137
"2024-10-11T10:04:31.816Z",8321,138
"2024-10-11T10:04:31.841Z",8337,139
"2024-10-11T10:04:31.841Z",7911,140
"2024-10-11T10:04:31.841Z",8283,141
"2024-10-11T10:04:31.841Z",8669,142
"2024-10-11T10:04:31.841Z",8570,143
"2024-10-11T10:04:31.841Z",8345,144
"2024-10-11T10:04:31.843Z",8382,145
"2024-10-11T10:04:31.894Z",8474,146
"2024-10-11T10:04:31.894Z",8646,147
"2024-10-11T10:04:31.894Z",7977,148
"2024-10-11T10:04:31.894Z",8220,149
"2024-10-11T10:04:31.894Z",8540,150
"2024-10-11T10:04:31.894Z",8564,151
"2024-10-11T10:04:31.894Z",8213,152
"2024-10-11T10:04:31.894Z",8114,153
"2024-10-11T10:04:31.894Z",8455,154
"2024-10-11T10:04:31.894Z",8587,155
"2024-10-11T10:04:31.894Z",8340,156
"2024-10-11T10:04:31.894Z",7939,157
"2024-10-11T10:04:31.894Z",8345,158
"2024-10-11T10:04:31.964Z",8890,159
"2024-10-11T10:04:31.964Z",8159,160
"2024-10-11T10:04:31.964Z",8157,161
"2024-10-11T10:04:31.964Z",8332,162
"2024-10-11T10:04:31.964Z",8393,163
"2024-10-11T10:04:31.964Z",8199,164
"2024-10-11T10:04:31.964Z",8002,165
"2024-10-11T10:04:31.964Z",8154,166
"2024-10-11T10:04:31.964Z",8671,167
"2024-10-11T10:04:31.964Z",8482,168
"2024-10-11T10:04:31.964Z",8196,169
"2024-10-11T10:04:31.964Z",8025,170
"2024-10-11T10:04:31.964Z",8424,171
"2024-10-11T10:04:31.964Z",8468,172
"2024-10-11T10:04:31.964Z",8041,173
"2024-10-11T10:04:31.964Z",8158,174
"2024-10-11T10:04:31.964Z",8378,175
"2024-10-11T10:04:32.026Z",8463,176
"2024-10-11T10:04:32.026Z",7822,177
"2024-10-11T10:04:32.026Z",8208,178
"2024-10-11T10:04:32.026Z",8998,179
"2024-10-11T10:04:32.026Z",8495,180
"2024-10-11T10:04:32.026Z",7955,181
"2024-10-11T10:04:32.026Z",7699,182
"2024-10-11T10:04:32.026Z",8178,183
"2024-10-11T10:04:32.026Z",8611,184
"2024-10-11T10:04:32.026Z",8212,185
"2024-10-11T10:04:32.026Z",7990,186
"2024-10-11T10:04:32.026Z",8212,187
"2024-10-11T10:04:32.026Z",8273,188
"2024-10-11T10:04:32.026Z",8000,189
"2024-10-11T10:04:32.026Z",7846,190
"2024-10-11T10:04:32.026Z",8376,191
"2024-10-11T10:04:32.046Z",8478,192
"2024-10-11T10:04:32.046Z",8302,193
"2024-10-11T10:04:32.046Z",7787,194
"2024-10-11T10:04:32.046Z",8069,195
"2024-10-11T10:04:32.046Z",8210,196
"2024-10-11T10:04:32.054Z",8217,197
"2024-10-11T10:04:32.067Z",7896,198
"2024-10-11T10:04:32.067Z",8088,199
"2024-10-11T10:04:32.067Z",8539,200
"2024-10-11T10:04:32.067Z",8554,201
"2024-10-11T10:04:32.279Z",8077,202
"2024-10-11T10:04:32.279Z",7804,203
"2024-10-11T10:04:32.279Z",8327,204
"2024-10-11T10:04:32.279Z",8424,205
"2024-10-11T10:04:32.279Z",8127,206
"2024-10-11T10:04:32.279Z",8151,207
"2024-10-11T10:04:32.279Z",8624,208
"2024-10-11T10:04:32.279Z",8659,209
"2024-10-11T10:04:32.279Z",8256,210
"2024-10-11T10:04:32.279Z",8055,211
"2024-10-11T10:04:32.279Z",8461,212
"2024-10-11T10:04:32.279Z",8472,213
"2024-10-11T10:04:32.279Z",8263,214
"2024-10-11T10:04:32.279Z",7933,215
"2024-10-11T10:04:32.279Z",8125,216
"2024-10-11T10:04:32.279Z",8539,217
"2024-10-11T10:04:32.280Z",8196,218
"2024-10-11T10:04:32.280Z",8104,219
"2024-10-11T10:04:32.280Z",8269,220
"2024-10-11T10:04:32.280Z",8606,221
"2024-10-11T10:04:32.280Z",8620,222
"2024-10-11T10:04:32.280Z",8019,223
"2024-10-11T10:04:32.280Z",8278,224
"2024-10-11T10:04:32.280Z",8480,225
"2024-10-11T10:04:32.280Z",8485,226
"2024-10-11T10:04:32.280Z",8032,227
"2024-10-11T10:04:32.280Z",8003,228
"2024-10-11T10:04:32.280Z",8489,229
"2024-10-11T10:04:32.280Z",8293,230
"2024-10-11T10:04:32.280Z",7830,231
"2024-10-11T10:04:32.280Z",7973,232
"2024-10-11T10:04:32.280Z",8402,233
"2024-10-11T10:04:32.280Z",8651,234
"2024-10-11T10:04:32.280Z",8190,235
"2024-10-11T10:04:32.280Z",8125,236
"2024-10-11T10:04:32.280Z",8132,237
"2024-10-11T10:04:32.280Z",8400,238
"2024-10-11T10:04:32.280Z",8162,239
"2024-10-11T10:04:32.280Z",7967,240
"2024-10-11T10:04:32.280Z",8555,241
"2024-10-11T10:04:32.280Z",8419,242
"2024-10-11T10:04:32.280Z",8421,243
"2024-10-11T10:04:32.280Z",8097,244
"2024-10-11T10:04:32.280Z",8352,245
"2024-10-11T10:04:32.280Z",8393,246
"2024-10-11T10:04:32.280Z",8421,247
"2024-10-11T10:04:32.280Z",8100,248
"2024-10-11T10:04:32.280Z",8558,249
"2024-10-11T10:04:32.280Z",8722,250
"2024-10-11T10:04:32.280Z",8508,251
"2024-10-11T10:04:32.280Z",8103,252
"2024-10-11T10:04:32.280Z",8289,253
"2024-10-11T10:04:32.280Z",8378,254
"2024-10-11T10:04:32.358Z",8359,255
"2024-10-11T10:04:32.358Z",8306,
"2024-10-11T10:04:32.358Z",8119,1
"2024-10-11T10:04:32.358Z",8468,2
"2024-10-11T10:04:32.358Z",8815,3
"2024-10-11T10:04:32.358Z",8275,4
"2024-10-11T10:04:32.358Z",8186,5
"2024-10-11T10:04:32.358Z",8660,6
"2024-10-11T10:04:32.358Z",8586,7
"2024-10-11T10:04:32.358Z",8345,8
"2024-10-11T10:04:32.358Z",7891,9
"2024-10-11T10:04:32.358Z",8280,10
"2024-10-11T10:04:32.358Z",8803,11
"2024-10-11T10:04:32.358Z",8432,12
"2024-10-11T10:04:32.358Z",7991,13
"2024-10-11T10:04:32.358Z",8245,14
"2024-10-11T10:04:32.358Z",8535,15
"2024-10-11T10:04:32.358Z",8255,16
"2024-10-11T10:04:32.358Z",8311,17
"2024-10-11T10:04:32.358Z",8536,18
"2024-10-11T10:04:32.449Z",8531,19
"2024-10-11T10:04:32.449Z",8424,20
"2024-10-11T10:04:32.449Z",8030,21
"2024-10-11T10:04:32.449Z",8140,22
"2024-10-11T10:04:32.449Z",8553,23
"2024-10-11T10:04:32.449Z",8351,24
"2024-10-11T10:04:32.449Z",7940,25
"2024-10-11T10:04:32.449Z",8077,26
"2024-10-11T10:04:32.449Z",8651,27
"2024-10-11T10:04:32.449Z",8868,28
"2024-10-11T10:04:32.449Z",7920,29
"2024-10-11T10:04:32.449Z",7591,30
"2024-10-11T10:04:32.449Z",7917,31
"2024-10-11T10:04:32.449Z",8302,32
"2024-10-11T10:04:32.449Z",8243,33
"2024-10-11T10:04:32.449Z",8235,34
"2024-10-11T10:04:32.449Z",8581,35
"2024-10-11T10:04:32.449Z",8844,36
"2024-10-11T10:04:32.449Z",7939,37
"2024-10-11T10:04:32.449Z",7830,38
"2024-10-11T10:04:32.449Z",8007,39
"2024-10-11T10:04:32.449Z",8510,40
"2024-10-11T10:04:32.466Z",8266,41
"2024-10-11T10:04:32.466Z",7817,42
"2024-10-11T10:04:32.466Z",8066,43
"2024-10-11T10:04:32.466Z",8555,44
"2024-10-11T10:04:32.466Z",8438,45
"2024-10-11T10:04:32.530Z",8226,46
"2024-10-11T10:04:32.530Z",8140,47
"2024-10-11T10:04:32.530Z",8112,48
"2024-10-11T10:04:32.530Z",8177,49
"2024-10-11T10:04:32.530Z",7950,50
"2024-10-11T10:04:32.530Z",8038,51
"2024-10-11T10:04:32.530Z",8400,52
"2024-10-11T10:04:32.530Z",8466,53
"2024-10-11T10:04:32.530Z",7995,54
"2024-10-11T10:04:32.530Z",8021,55
"2024-10-11T10:04:32.530Z",8432,56
"2024-10-11T10:04:32.530Z",8582,57
"2024-10-11T10:04:32.530Z",8489,58
"2024-10-11T10:04:32.530Z",8116,59
"2024-10-11T10:04:32.530Z",8266,60
"2024-10-11T10:04:32.530Z",8470,61
"2024-10-11T10:04:32.568Z",8260,62
"2024-10-11T10:04:32.568Z",7934,63
"2024-10-11T10:04:32.568Z",7879,64
"2024-10-11T10:04:32.568Z",8360,65
"2024-10-11T10:04:32.568Z",8225,66
"2024-10-11T10:04:32.568Z",8043,67
"2024-10-11T10:04:32.568Z",8166,68
"2024-10-11T10:04:32.568Z",8631,69
"2024-10-11T10:04:32.568Z",8621,70
"2024-10-11T10:04:32.615Z",8178,71
"2024-10-11T10:04:32.615Z",8129,72
"2024-10-11T10:04:32.615Z",8393,73
"2024-10-11T10:04:32.615Z",8536,74
"2024-10-11T10:04:32.615Z",7880,75
"2024-10-11T10:04:32.615Z",7552,76
"2024-10-11T10:04:32.615Z",7977,77
"2024-10-11T10:04:32.615Z",8620,78
"2024-10-11T10:04:32.615Z",8300,79
"2024-10-11T10:04:32.615Z",8022,80
"2024-10-11T10:04:32.615Z",8572,81
"2024-10-11T10:04:32.615Z",8619,82
"2024-10-11T10:04:32.726Z",8295,83
"2024-10-11T10:04:32.726Z",8038,84
"2024-10-11T10:04:32.726Z",8155,85
"2024-10-11T10:04:32.726Z",8692,86
"2024-10-11T10:04:32.726Z",8168,87
"2024-10-11T10:04:32.726Z",7630,88
"2024-10-11T10:04:32.726Z",7883,89
"2024-10-11T10:04:32.726Z",8390,90
"2024-10-11T10:04:32.726Z",8133,91
"2024-10-11T10:04:32.726Z",7516,92
"2024-10-11T10:04:32.726Z",7947,93
"2024-10-11T10:04:32.726Z",8923,94
"2024-10-11T10:04:32.726Z",8289,95
"2024-10-11T10:04:32.726Z",7782,96
"2024-10-11T10:04:32.726Z",7609,97
"2024-10-11T10:04:32.726Z",8369,98
"2024-10-11T10:04:32.726Z",8194,99
"2024-10-11T10:04:32.726Z",7939,100
"2024-10-11T10:04:32.726Z",8039,101
"2024-10-11T10:04:32.726Z",8511,102
"2024-10-11T10:04:32.726Z",8534,103
"2024-10-11T10:04:32.726Z",8001,104
"2024-10-11T10:04:32.726Z",7910,105
"2024-10-11T10:04:32.726Z",8341,106
"2024-10-11T10:04:32.726Z",9094,107
"2024-10-11T10:04:32.726Z",8200,108
"2024-10-11T10:04:32.726Z",7854,109
"2024-10-11T10:04:32.726Z",7964,110
"2024-10-11T10:04:32.818Z",8525,111
"2024-10-11T10:04:32.818Z",8145,112
"2024-10-11T10:04:32.818Z",7881,113
"2024-10-11T10:04:32.818Z",7931,114
"2024-10-11T10:04:32.818Z",8491,115
"2024-10-11T10:04:32.818Z",8443,116
"2024-10-11T10:04:32.818Z",7805,117
"2024-10-11T10:04:32.818Z",8132,118
"2024-10-11T10:04:32.818Z",8712,119
"2024-10-11T10:04:32.818Z",8167,120
"2024-10-11T10:04:32.818Z",7706,121
"2024-10-11T10:04:32.818Z",7948,122
"2024-10-11T10:04:32.818Z",8423,123
"2024-10-11T10:04:32.818Z",8430,124
"2024-10-11T10:04:32.818Z",8143,125
"2024-10-11T10:04:32.818Z",8121,126
"2024-10-11T10:04:32.818Z",8208,127
"2024-10-11T10:04:32.818Z",8182,128
"2024-10-11T10:04:32.818Z",8327,129
"2024-10-11T10:04:32.818Z",8124,130
"2024-10-11T10:04:32.818Z",8474,131
"2024-10-11T10:04:32.818Z",8779,132
"2024-10-11T10:04:32.842Z",7812,133
"2024-10-11T10:04:32.842Z",7665,134
"2024-10-11T10:04:32.842Z",8256,135
"2024-10-11T10:04:32.842Z",8565,136
"2024-10-11T10:04:32.842Z",8369,137
"2024-10-11T10:04:32.842Z",8178,138
"2024-10-11T10:04:32.842Z",8262,139
"2024-10-11T10:04:32.892Z",8289,140
"2024-10-11T10:04:32.892Z",8492,141
"2024-10-11T10:04:32.892Z",7920,142
"2024-10-11T10:04:32.892Z",7794,143
"2024-10-11T10:04:32.892Z",8387,144
"2024-10-11T10:04:32.892Z",8122,145
"2024-10-11T10:04:32.892Z",7662,146
"2024-10-11T10:04:32.892Z",7783,147
"2024-10-11T10:04:32.892Z",8274,148
"2024-10-11T10:04:32.892Z",8478,149
"2024-10-11T10:04:32.892Z",8131,150
"2024-10-11T10:04:32.892Z",8202,151
"2024-10-11T10:04:32.966Z",8406,152
"2024-10-11T10:04:32.966Z",8366,153
"2024-10-11T10:04:32.966Z",7833,154
"2024-10-11T10:04:32.966Z",7748,155
"2024-10-11T10:04:32.966Z",8273,156
"2024-10-11T10:04:32.966Z",8377,157
"2024-10-11T10:04:32.966Z",8214,158
"2024-10-11T10:04:32.966Z",7973,159
"2024-10-11T10:04:32.966Z",8016,160
"2024-10-11T10:04:32.966Z",8444,161
"2024-10-11T10:04:32.966Z",8174,162
"2024-10-11T10:04:32.966Z",8199,163
"2024-10-11T10:04:32.966Z",8110,164
"2024-10-11T10:04:32.966Z",8593,165
"2024-10-11T10:04:32.966Z",8299,166
"2024-10-11T10:04:32.966Z",7889,167
"2024-10-11T10:04:32.966Z",8103,168
"2024-10-11T10:04:32.966Z",8554,169
"2024-10-11T10:04:32.966Z",8079,170
"2024-10-11T10:04:33.026Z",7891,171
"2024-10-11T10:04:33.026Z",7766,172
"2024-10-11T10:04:33.026Z",8373,173
"2024-10-11T10:04:33.026Z",8491,174
"2024-10-11T10:04:33.026Z",8114,175
"2024-10-11T10:04:33.026Z",7622,176
"2024-10-11T10:04:33.026Z",8096,177
"2024-10-11T10:04:33.026Z",8398,178
"2024-10-11T10:04:33.026Z",8008,179
"2024-10-11T10:04:33.026Z",7853,180
"2024-10-11T10:04:33.026Z",8056,181
"2024-10-11T10:04:33.026Z",8446,182
"2024-10-11T10:04:33.026Z",8424,183
"2024-10-11T10:04:33.026Z",7937,184
"2024-10-11T10:04:33.026Z",8248,185
"2024-10-11T10:04:33.046Z",8317,186
"2024-10-11T10:04:33.046Z",8074,187
"2024-10-11T10:04:33.046Z",8017,188
"2024-10-11T10:04:33.046Z",8038,189
"2024-10-11T10:04:33.046Z",8384,190
"2024-10-11T10:04:33.053Z",8461,191
"2024-10-11T10:04:33.067Z",8010,192
"2024-10-11T10:04:33.067Z",7902,193
"2024-10-11T10:04:33.067Z",8482,194
"2024-10-11T10:04:33.067Z",8374,195
"2024-10-11T10:04:33.281Z",7752,196
"2024-10-11T10:04:33.281Z",8019,197
"2024-10-11T10:04:33.281Z",8429,198
"2024-10-11T10:04:33.281Z",8310,199
"2024-10-11T10:04:33.281Z",7956,200
"2024-10-11T10:04:33.281Z",8031,201
"2024-10-11T10:04:33.281Z",8340,202
"2024-10-11T10:04:33.281Z",8630,203
"2024-10-11T10:04:33.281Z",7990,204
"2024-10-11T10:04:33.281Z",8014,205
"2024-10-11T10:04:33.281Z",8230,206
"2024-10-11T10:04:33.281Z",8671,207
"2024-10-11T10:04:33.281Z",8183,208
"2024-10-11T10:04:33.281Z",7866,209
"2024-10-11T10:04:33.281Z",8220,210
"2024-10-11T10:04:33.281Z",8424,211
"2024-10-11T10:04:33.281Z",8371,212
"2024-10-11T10:04:33.281Z",7733,213
"2024-10-11T10:04:33.281Z",8092,214
"2024-10-11T10:04:33.281Z",8657,215
"2024-10-11T10:04:33.281Z",8470,216
"2024-10-11T10:04:33.281Z",7791,217
"2024-10-11T10:04:33.281Z",7674,218
"2024-10-11T10:04:33.281Z",8434,219
"2024-10-11T10:04:33.281Z",8458,220
"2024-10-11T10:04:33.281Z",7818,221
"2024-10-11T10:04:33.281Z",7859,222
"2024-10-11T10:04:33.281Z",8191,223
"2024-10-11T10:04:33.281Z",8550,224
"2024-10-11T10:04:33.281Z",8256,225
"2024-10-11T10:04:33.281Z",7914,226
"2024-10-11T10:04:33.281Z",7930,227
"2024-10-11T10:04:33.281Z",8453,228
"2024-10-11T10:04:33.281Z",8141,229
"2024-10-11T10:04:33.281Z",8019,230
"2024-10-11T10:04:33.281Z",8395,231
"2024-10-11T10:04:33.281Z",8578,232
"2024-10-11T10:04:33.281Z",8289,233
"2024-10-11T10:04:33.281Z",8007,234
"2024-10-11T10:04:33.282Z",7939,235
"2024-10-11T10:04:33.282Z",8409,236
"2024-10-11T10:04:33.282Z",8089,237
"2024-10-11T10:04:33.282Z",7908,238
"2024-10-11T10:04:33.282Z",7977,239
"2024-10-11T10:04:33.282Z",8480,240
"2024-10-11T10:04:33.282Z",8509,241
"2024-10-11T10:04:33.282Z",8109,242
"2024-10-11T10:04:33.282Z",8125,243
"2024-10-11T10:04:33.282Z",8602,244
"2024-10-11T10:04:33.282Z",8477,245
"2024-10-11T10:04:33.282Z",7959,246
"2024-10-11T10:04:33.282Z",7820,247
"2024-10-11T10:04:33.282Z",8361,248
"2024-10-11T10:04:33.358Z",8472,249
"2024-10-11T10:04:33.358Z",8100,250
"2024-10-11T10:04:33.358Z",8078,251
"2024-10-11T10:04:33.358Z",8314,252
"2024-10-11T10:04:33.358Z",8413,253
"2024-10-11T10:04:33.358Z",8380,254
"2024-10-11T10:04:33.358Z",7966,255
"2024-10-11T10:04:33.358Z",8258,
"2024-10-11T10:04:33.358Z",8541,1
"2024-10-11T10:04:33.358Z",8022,2
"2024-10-11T10:04:33.358Z",7797,3
"2024-10-11T10:04:33.358Z",8049,4
"2024-10-11T10:04:33.358Z",8480,5
"2024-10-11T10:04:33.358Z",8383,6
"2024-10-11T10:04:33.358Z",7853,7
"2024-10-11T10:04:33.358Z",8089,8
"2024-10-11T10:04:33.358Z",8577,9
"2024-10-11T10:04:33.358Z",8338,10
"2024-10-11T10:04:33.358Z",7800,11
"2024-10-11T10:04:33.358Z",7682,12
"2024-10-11T10:04:33.450Z",8240,13
"2024-10-11T10:04:33.450Z",8375,14
"2024-10-11T10:04:33.450Z",8002,15
"2024-10-11T10:04:33.450Z",8057,16
"2024-10-11T10:04:33.450Z",8284,17
"2024-10-11T10:04:33.450Z",8661,18
"2024-10-11T10:04:33.450Z",8428,19
"2024-10-11T10:04:33.450Z",7678,20
"2024-10-11T10:04:33.450Z",8116,21
"2024-10-11T10:04:33.450Z",8327,22
"2024-10-11T10:04:33.450Z",8043,23
"2024-10-11T10:04:33.450Z",7793,24
"2024-10-11T10:04:33.450Z",8404,25
"2024-10-11T10:04:33.450Z",8640,26
"2024-10-11T10:04:33.450Z",8244,27
"2024-10-11T10:04:33.450Z",7813,28
"2024-10-11T10:04:33.450Z",8216,29
"2024-10-11T10:04:33.450Z",8549,30
"2024-10-11T10:04:33.450Z",8346,31
"2024-10-11T10:04:33.450Z",7786,32
"2024-10-11T10:04:33.450Z",7951,33
"2024-10-11T10:04:33.450Z",8495,34
"2024-10-11T10:04:33.450Z",8241,35
"2024-10-11T10:04:33.465Z",8070,36
"2024-10-11T10:04:33.465Z",8092,37
"2024-10-11T10:04:33.465Z",8554,38
"2024-10-11T10:04:33.530Z",8672,39
"2024-10-11T10:04:33.530Z",8047,40
"2024-10-11T10:04:33.530Z",7791,41
"2024-10-11T10:04:33.530Z",8138,42
"2024-10-11T10:04:33.530Z",8426,43
"2024-10-11T10:04:33.530Z",8093,44
"2024-10-11T10:04:33.530Z",8102,45
"2024-10-11T10:04:33.530Z",8496,46
"2024-10-11T10:04:33.530Z",8732,47
"2024-10-11T10:04:33.530Z",8548,48
"2024-10-11T10:04:33.530Z",8235,49
"2024-10-11T10:04:33.530Z",8362,50
"2024-10-11T10:04:33.530Z",8371,51
"2024-10-11T10:04:33.530Z",8095,52
"2024-10-11T10:04:33.530Z",7754,53
"2024-10-11T10:04:33.530Z",8087,54
"2024-10-11T10:04:33.530Z",8565,55
"2024-10-11T10:04:33.570Z",8586,56
"2024-10-11T10:04:33.570Z",8221,57
"2024-10-11T10:04:33.570Z",8183,58
"2024-10-11T10:04:33.570Z",8489,59
"2024-10-11T10:04:33.570Z",8407,60
"2024-10-11T10:04:33.570Z",8155,61
"2024-10-11T10:04:33.570Z",8139,62
"2024-10-11T10:04:33.570Z",8584,63
"2024-10-11T10:04:33.570Z",8536,64
"2024-10-11T10:04:33.614Z",8131,65
"2024-10-11T10:04:33.615Z",7994,66
"2024-10-11T10:04:33.615Z",8525,67
"2024-10-11T10:04:33.615Z",8441,68
"2024-10-11T10:04:33.615Z",8100,69
"2024-10-11T10:04:33.615Z",8169,70
"2024-10-11T10:04:33.615Z",8731,71
"2024-10-11T10:04:33.615Z",8518,72
"2024-10-11T10:04:33.615Z",8252,73
"2024-10-11T10:04:33.615Z",7994,74
"2024-10-11T10:04:33.615Z",8237,75
"2024-10-11T10:04:33.615Z",8487,76
"2024-10-11T10:04:33.726Z",8154,77
"2024-10-11T10:04:33.726Z",8099,78
"2024-10-11T10:04:33.726Z",8286,79
"2024-10-11T10:04:33.726Z",8370,80
"2024-10-11T10:04:33.726Z",8354,81
"2024-10-11T10:04:33.726Z",8315,82
"2024-10-11T10:04:33.726Z",8226,83
"2024-10-11T10:04:33.726Z",8716,84
"2024-10-11T10:04:33.726Z",8325,85
"2024-10-11T10:04:33.726Z",8177,86
"2024-10-11T10:04:33.726Z",8349,87
"2024-10-11T10:04:33.726Z",8531,88
"2024-10-11T10:04:33.726Z",8393,89
"2024-10-11T10:04:33.726Z",8089,90
"2024-10-11T10:04:33.726Z",7999,91
"2024-10-11T10:04:33.726Z",8473,92
"2024-10-11T10:04:33.726Z",8693,93
"2024-10-11T10:04:33.726Z",7981,94
"2024-10-11T10:04:33.726Z",7949,95
"2024-10-11T10:04:33.726Z",7935,96
"2024-10-11T10:04:33.726Z",8393,97
"2024-10-11T10:04:33.726Z",8266,98
"2024-10-11T10:04:33.726Z",7896,99
"2024-10-11T10:04:33.726Z",8268,100
"2024-10-11T10:04:33.726Z",8635,101
"2024-10-11T10:04:33.726Z",8193,102
"2024-10-11T10:04:33.726Z",7821,103
"2024-10-11T10:04:33.726Z",7869,104
"2024-10-11T10:04:33.817Z",8576,105
"2024-10-11T10:04:33.817Z",8391,106
"2024-10-11T10:04:33.817Z",7887,107
"2024-10-11T10:04:33.817Z",7649,108
"2024-10-11T10:04:33.817Z",8443,109
"2024-10-11T10:04:33.817Z",8473,110
"2024-10-11T10:04:33.817Z",8051,111
"2024-10-11T10:04:33.817Z",7998,112
"2024-10-11T10:04:33.817Z",8625,113
"2024-10-11T10:04:33.817Z",8552,114
"2024-10-11T10:04:33.817Z",8036,115
"2024-10-11T10:04:33.817Z",7821,116
"2024-10-11T10:04:33.817Z",8168,117
"2024-10-11T10:04:33.817Z",8307,118
"2024-10-11T10:04:33.817Z",7935,119
"2024-10-11T10:04:33.817Z",8062,120
"2024-10-11T10:04:33.817Z",8616,121
"2024-10-11T10:04:33.817Z",8565,122
"2024-10-11T10:04:33.817Z",8017,123
"2024-10-11T10:04:33.817Z",7734,124
"2024-10-11T10:04:33.817Z",8118,125
"2024-10-11T10:04:33.817Z",8749,126